Slug (JSON),Titre (JSON),Date Identifiée,Source (Image)
39-45-les-resistantes-allemandes,"39-45, les résistantes allemandes",2020-05-26,DOCU 5
a-vous-de-juger,À vous de juger,2019-10-14,DOCU 2
ainsi-soit-il,Ainsi Soit-Il,2024-06-10,DOCU 4
almodovar-l-insolent-de-la-mancha,"Almodovar, l'insolent de la Mancha",2023-05-26,DOCU 6
andre-mailfert-l-epopee-d-un-faussaire-industriel,Andre Mailfert...,2020-11-16,DOCU 2
anny-duperey-artiste,Anny Duperey - Artiste,2025-01-23,DOCU 4
au-nom-de-la-mer,Au nom de la mer,2021-04-26,DOCU 1
avant-que-la-grande-nacre-meure,Avant que la grande nacre meure,2023-02-07,DOCU 5
bastelica-fesch,Bastelica - Fesch,2025-04-03,DOCU 6
bnp-paribas...,BNP Paribas...,2018-10-04,LITTLE BIG STORY
cabrera-un-secret-revele,"Cabrera, un secret révélé",2023-02-02,DOCU 5
cahier-d-un-retour-en-langue-natale,Cahier d'un retour...,2021-11-26,DOCU 1
calanques-les-usines-du-bout-du-monde,"Calanques, les usines...",2023-04-27,DOCU 5
cancre,Cancre,2017-09-18,DOCU 3
chanter-a-tout-prix,Chanter à tout prix,2020-12-14,DOCU 1
chanter-ensemble,Chanter Ensemble,2025-11-22,DOCU 6
clearstream-et-moi,Clearstream et moi,2020-09-14,DOCU 2
cogolin-ville-a-prendre,"Cogolin, ville à prendre",2020-10-05,DOCU 1
comment-te-dire-adieu,Comment te dire adieu,2021-02-15,DOCU 5
concordat-et-laicite-l-exception,Concordat et laicité...,2020-12-30,DOCU 1
d-iam-a-jul-marseille-capitale-rap,D'IAM à Jul...,2020-11-14,DOCU 1
de-gerard-a-monsieur-collomb...,De Gérard à Monsieur Collomb...,2019-11-18,DOCU 2
deconfines-en-re,Déconfinés en Ré,2020-09-28,DOCU 2
deconnectes-les-oublies-du-numerique,Déconnectés...,2020-11-09,DOCU 2
des-antilles-au-djebel,Des antilles au djebel,2022-06-12,DOCU 1
des-joujoux-par-milliers,Des Joujoux par Milliers,2024-12-03,DOCU 4
en-jachere,En jachère,2023-09-14,DOCU 5
entendez-nous-violences-intrafamiliales...,Entendez-nous...,2023-11-14,DOCU 6
eric-piolle-le-pelerin-vert,"Eric Piolle, le pèlerin vert",2022-01-13,DOCU 5
filles-de-harkis,Filles de harkis,2022-06-09,DOCU 5
gal-au-nom-de-la-raison-detat,GAL - Au Nom de la Raison d'État,2025-04-02,DOCU 6
gang-stories,Gang Stories,2024-09-27,DOCU 4
gaudin-lheure-de-linventaire,Gaudin l'heure de l'inventaire,2019-11-18,DOCU 2
generation-grand-bleu,Génération grand bleu,2017-11-27,DOCU 3
georges-perec-l-homme-qui-ne-voulait-pas-oublier,Georges Perec...,2022-02-25,DOCU 1
guadeloupe-les-soldats-de-la-terre,Guadeloupe - les soldats de la terre,2019-09-19,DOCU 2
gurs-un-silence-assourdissant,"Gurs, un silence assourdissant",2017-04-24,DOCU 3
guyane-underground,Guyane underground,2020-09-21,DOCU 2
guyane-vivre-avec-le-jaguar,Guyane - Vivre avec le Jaguar,2024-10-21,DOCU 4
hors-radar,Hors Radar,2025-02-15,DOCU 4
inde-les-paysans,Inde - Les Paysans,2024-05-28,LITTLE BIG STORY
ivg-en-polynesie,IVG en Polynésie,2025-01-13,DOCU 4
j-irai-crier-sur-vos-murs,J'irai crier sur vos murs,2022-03-03,DOCU 1
jamie-lee-curtis-un-cri-de-liberte-a-hollywood,Jamie Lee Curtis...,2022-10-28,DOCU 6
jean-jouzel-dans-la-bataille-du-siecle,Jean Jouzel...,2021-11-08,DOCU 1
jimmy-somerville,Jimmy Somerville...,2025-11-14,DOCU 6
joseph-kessel-la-mallette-de-l-ogre,Joseph Kessel...,2025-10-17,DOCU 6
jules-verne-et-le-defi-du-tour-du-monde,Jules Verne...,2022-11-03,DOCU 5
juppe-un-roman-bordelais,"Juppé, un roman bordelais",2019-11-18,DOCU 2
karim-contre-mittal,Karim contre Mittal,2020-09-14,DOCU 2
khaled-kelkal,Khaled Kelkal...,2025-04-03,DOCU 6
l-empire-de-l-or-rouge,L'empire de l'or rouge,2017-05-03,LITTLE BIG STORY
l-eveil-du-desir,L'éveil du désir,2021-02-15,DOCU 1
la-clinique-de-l-amour,La clinique de l'amour,2023-02-09,DOCU 5
la-democratie-du-dollar,La démocratie du dollar,2020-11-03,LITTLE BIG STORY
la-dette,La Dette,2025-05-08,DOCU 6
la-double-vie-du-cognac,La double vie du Cognac,2020-12-07,DOCU 2
la-femme-sans-nom...,La femme sans nom...,2023-05-12,LITTLE BIG STORY
la-greve-du-siecle,La grève du siècle,2018-04-30,DOCU 3
la-pride-des-champs,La Pride des Champs,2024-02-18,DOCU 4
la-rumeur-d-orleans,La rumeur d'Orléans,2019-10-21,DOCU 3
lache-ton-smartphone,Lâche ton smartphone,2021-10-11,DOCU 1
le-3e-reich-n-aura-pas-la-bombe,Le 3e Reich n'aura pas...,2019-09-22,DOCU 4
le-masque-de-fer,Le masque de fer,2021-12-25,DOCU 1
le-ministere,Le ministère,2021-12-11,DOCU 1
le-proces-d-auschwitz...,Le procès d'Auschwitz...,2018-03-01,DOCU 3
le-temps-d-aimer,Le temps d'aimer,2021-02-15,DOCU 1
leila-une-vie-a-miquelon,Leila une vie à Miquelon,2023-10-16,DOCU 5
les-amoureux-de-marianne,Les amoureux de Marianne,2021-02-15,DOCU 1
les-antilles-empoisonnees,Les Antilles Empoisonnées,2024-11-04,DOCU 4
les-doleances,Les Doléances,2024-02-09,DOCU 4
les-enfants-de-huahine-en-occitanie,Les enfants de Huahine...,2023-02-22,DOCU 5
les-femmes-du-iiieme-reich,Les femmes du IIIeme Reich,2018-12-14,DOCU 2
les-freres-verges,Les Frères Vergès,2024-10-20,DOCU 4
les-loups-noirs-dalsace,Les Loups Noirs d'Alsace,2025-04-04,DOCU 6
les-murs-de-la-honte,Les murs de la honte,2019-10-18,DOCU 2
les-oublies-de-l-atome,Les oubliés de l'atome,2023-05-15,LITTLE BIG STORY
les-oublies-de-la-justice,Les oubliés de la justice,2019-03-11,DOCU 3
les-ouvrieres-du-made-in-france,Les ouvrières du made in France,2018-03-01,DOCU 3
les-poisons-de-poutine,Les poisons de Poutine,2023-05-16,LITTLE BIG STORY
les-raisins-du-desespoir,Les Raisins du Désespoir,2025-04-03,DOCU 6
les-resistants-de-mauthausen,Les résistants de Mauthausen,2021-05-26,DOCU 1
les-vivants,Les vivants,2024-02-29,DOCU 4
les-yeux-dans-les-vieux,Les Yeux dans les Vieux,2025-11-13,DOCU 6
ma-cite-mon-village,Ma cité mon village,2018-02-26,DOCU 1
mangas-une-revolution-francaise,"Mangas, une révolution...",2023-12-15,DOCU 4
marcus-klingberg-un-pur-espion,Marcus Klingberg...,2023-02-26,LITTLE BIG STORY
martinique-la-reconquete-de-la-terre,"Martinique, la reconquête...",2019-10-25,DOCU 3
martinique-les-yeux-ouverts,Martinique - Les Yeux Ouverts,2024-01-16,DOCU 4
matrine-aubry-la-dame-de-lille,Matrine Aubry (Martine)...,2019-11-18,DOCU 2
mayotte-lenfance-en-danger,Mayotte l'enfance en danger,2019-03-28,DOCU 2
mes-parents-ces-heros-ordinaires,Mes parents ces héros...,2019-05-27,DOCU 6
micmac-a-millau...,Micmac à Millau...,2022-02-21,DOCU 1
montmartre-est-une-fete,Montmartre est une Fête,2024-05-16,DOCU 4
mort-dun-berger,Mort d'un Berger,2024-01-23,DOCU 4
naissance-d-un-hero-noir-au-cinema...,Naissance d'un héro noir...,2022-03-16,DOCU 6
nous-ne-sommes-rien-soyons-tout,Nous ne sommes rien...,2020-11-02,DOCU 2
nous-soignants,Nous Soignants,2023-11-29,DOCU 5
numero-387-disparu-en-mediterranee,Numéro 387 disparu...,2020-09-08,LITTLE BIG STORY
operation-biodiversite,Opération Biodiversité,2019-05-20,DOCU 3
outre-mer-100-ans-en-cliches,"Outre-Mer, 100 ans en clichés",2020-05-28,DOCU 2
par-nos-yeux,Par nos yeux,2018-12-11,DOCU 3
pas-folle-la-liberte,Pas folle la liberté,2021-01-25,DOCU 1
patrick-edlinger...,Patrick Edlinger...,2023-01-12,DOCU 6
plonger-pour-guerir,Plonger pour guérir,2022-05-23,DOCU 5
portrait-dun-pere,Portrait d'un Père,2025-09-24,LITTLE BIG STORY
quand-l-afrique-sauva-la-france,Quand l'Afrique sauva...,2023-03-07,DOCU 5
reves-de-princesses,Rêves de princesses,2018-06-05,DOCU 3
se-mettre-au-vert...,Se mettre au vert...,2023-11-23,DOCU 5
si-loin-de-la-polynesie,Si loin de la Polynésie,2022-10-10,DOCU 5
soeurs-de-la-terre,Sœurs de la Terre,2024-09-09,LITTLE BIG STORY
solidarnosc-la-premere-breche,Solidarnosc...,2020-09-16,DOCU 2
sous-la-loi-des-talibans,Sous la loi des talibans,2022-09-27,DOCU 5
souvenirs-en-cuisine,Souvenirs en cuisine,2022-11-26,DOCU 5
t-gros,T Gros,2019-06-24,DOCU 3
taiwan-une-democratie...,Taiwan une démocratie...,2021-07-13,LITTLE BIG STORY
terrorisme-armenien,Terrorisme Arménien,2025-04-02,DOCU 6
un-jour-je-serai,Un Jour Je Serai,2024-09-19,DOCU 4
un-pasteur,Un Pasteur,2024-06-13,LITTLE BIG STORY
une-deuxieme-chance,Une deuxième chance,2023-02-02,DOCU 6
unique-en-mon-genre,Unique en mon genre,2021-10-11,DOCU 1
veilleur-de-nuit,Veilleur de Nuit,2025-05-08,DOCU 6
vikings-la-saga-des-femmes,Vikings - La Saga des Femmes,2025-03-06,LITTLE BIG STORY
votez-jeunesse,Votez jeunesse,2022-02-23,DOCU 1
ymca-une-flamme,YMCA - Une Flamme...,2024-07-07,DOCU 4
